{"texture_size":[32,32],"textures":{"2":"reallyworld:item/lollypop"},"elements":[{"from":[6.28,0,6.71],"to":[8.86,20.425,9.29],"rotation":{"angle":0,"axis":"y","origin":[6.28,0,7.14]},"faces":{"north":{"uv":[0,0,1.25,10.25],"texture":"#2"},"east":{"uv":[1.5,0,2.75,10.25],"texture":"#2"},"south":{"uv":[3,0,4.25,10.25],"texture":"#2"},"west":{"uv":[4.5,0,5.75,10.25],"texture":"#2"},"up":{"uv":[10.25,1.25,9,0],"texture":"#2"},"down":{"uv":[10.25,1.5,9,2.75],"texture":"#2"}}},{"from":[6.28,17.845,9.29],"to":[8.86,20.425,11.44],"rotation":{"angle":0,"axis":"y","origin":[6.28,0,9.29]},"faces":{"north":{"uv":[7.5,3,8.75,4.25],"texture":"#2"},"east":{"uv":[9,3,10,4.25],"texture":"#2"},"south":{"uv":[7.5,4.5,8.75,5.75],"texture":"#2"},"west":{"uv":[9,4.5,10,5.75],"texture":"#2"},"up":{"uv":[7.25,10,6,9],"texture":"#2"},"down":{"uv":[10.25,6,9,7],"texture":"#2"}}},{"from":[6.18,17.51544,10.94679],"to":[8.87,20.09544,16.32179],"rotation":{"angle":22.5,"axis":"x","origin":[7.375,19.02044,12.02179]},"faces":{"north":{"uv":[7.5,6,8.75,7.25],"texture":"#2"},"east":{"uv":[6,0,8.75,1.25],"texture":"#2"},"south":{"uv":[7.5,7.5,8.75,8.75],"texture":"#2"},"west":{"uv":[6,1.5,8.75,2.75],"texture":"#2"},"up":{"uv":[7.25,5.75,6,3],"texture":"#2"},"down":{"uv":[7.25,6,6,8.75],"texture":"#2"}}},{"from":[5.7425,2.31995,9.32498],"to":[8.86,2.85745,9.86248],"rotation":{"angle":0,"axis":"y","origin":[5.7425,0.70745,9.32498]},"faces":{"north":{"uv":[12.5,9,14,9.25],"texture":"#2"},"east":{"uv":[14.5,9.5,14.75,9.75],"texture":"#2"},"south":{"uv":[10,12.5,11.5,12.75],"texture":"#2"},"west":{"uv":[10,14.5,10.25,14.75],"texture":"#2"},"up":{"uv":[13,12.75,11.5,12.5],"texture":"#2"},"down":{"uv":[14,11.5,12.5,11.75],"texture":"#2"}}},{"from":[5.7425,3.99226,5.93267],"to":[6.28,4.52976,10.01767],"rotation":{"angle":45,"axis":"x","origin":[4.13,3.99226,7.65267]},"faces":{"north":{"uv":[14.5,10,14.75,10.25],"texture":"#2"},"east":{"uv":[9,7.5,11,7.75],"texture":"#2"},"south":{"uv":[10.5,14.5,10.75,14.75],"texture":"#2"},"west":{"uv":[9,8,11,8.25],"texture":"#2"},"up":{"uv":[8.75,11.5,8.5,9.5],"texture":"#2"},"down":{"uv":[9.25,9.5,9,11.5],"texture":"#2"}}},{"from":[5.7425,5.05105,6.27901],"to":[9.3975,5.58855,6.81651],"rotation":{"angle":0,"axis":"y","origin":[5.7425,3.43855,6.27901]},"faces":{"north":{"uv":[10.5,4.5,12.25,4.75],"texture":"#2"},"east":{"uv":[14.5,10.5,14.75,10.75],"texture":"#2"},"south":{"uv":[10.5,6,12.25,6.25],"texture":"#2"},"west":{"uv":[11,14.5,11.25,14.75],"texture":"#2"},"up":{"uv":[12.25,6.75,10.5,6.5],"texture":"#2"},"down":{"uv":[12.25,9,10.5,9.25],"texture":"#2"}}},{"from":[8.86,6.72336,6.12382],"to":[9.3975,7.26086,10.20882],"rotation":{"angle":-45,"axis":"x","origin":[7.2475,6.72336,8.48882]},"faces":{"north":{"uv":[14.5,11,14.75,11.25],"texture":"#2"},"east":{"uv":[9,8.5,11,8.75],"texture":"#2"},"south":{"uv":[11.5,14.5,11.75,14.75],"texture":"#2"},"west":{"uv":[9.5,9.5,11.5,9.75],"texture":"#2"},"up":{"uv":[10.25,5,10,3],"texture":"#2"},"down":{"uv":[6.25,10,6,12],"texture":"#2"}}},{"from":[8.86,12.20586,6.12382],"to":[9.3975,12.74336,10.20882],"rotation":{"angle":-45,"axis":"x","origin":[7.2475,12.20586,8.48882]},"faces":{"north":{"uv":[14.5,11.5,14.75,11.75],"texture":"#2"},"east":{"uv":[10,5,12,5.25],"texture":"#2"},"south":{"uv":[12,14.5,12.25,14.75],"texture":"#2"},"west":{"uv":[10,5.5,12,5.75],"texture":"#2"},"up":{"uv":[6.75,12,6.5,10],"texture":"#2"},"down":{"uv":[7.25,10,7,12],"texture":"#2"}}},{"from":[5.7425,7.80245,9.32498],"to":[9.3975,8.33995,9.86248],"rotation":{"angle":0,"axis":"y","origin":[5.7425,6.18995,9.32498]},"faces":{"north":{"uv":[9.5,10.5,11.25,10.75],"texture":"#2"},"east":{"uv":[14.5,12,14.75,12.25],"texture":"#2"},"south":{"uv":[0,11,1.75,11.25],"texture":"#2"},"west":{"uv":[12.5,14.5,12.75,14.75],"texture":"#2"},"up":{"uv":[12.75,0.25,11,0],"texture":"#2"},"down":{"uv":[12.75,0.5,11,0.75],"texture":"#2"}}},{"from":[5.7425,9.47476,5.93267],"to":[6.28,10.01226,10.01767],"rotation":{"angle":45,"axis":"x","origin":[4.13,9.47476,7.65267]},"faces":{"north":{"uv":[14.5,12.5,14.75,12.75],"texture":"#2"},"east":{"uv":[9.5,10,11.5,10.25],"texture":"#2"},"south":{"uv":[13,14.5,13.25,14.75],"texture":"#2"},"west":{"uv":[0,10.5,2,10.75],"texture":"#2"},"up":{"uv":[10.75,2,10.5,0],"texture":"#2"},"down":{"uv":[2.25,10.5,2,12.5],"texture":"#2"}}},{"from":[5.7425,10.53355,6.27901],"to":[9.3975,11.07105,6.81651],"rotation":{"angle":0,"axis":"y","origin":[5.7425,8.92105,6.27901]},"faces":{"north":{"uv":[11,1,12.75,1.25],"texture":"#2"},"east":{"uv":[14.5,13,14.75,13.25],"texture":"#2"},"south":{"uv":[11,1.5,12.75,1.75],"texture":"#2"},"west":{"uv":[13.5,14.5,13.75,14.75],"texture":"#2"},"up":{"uv":[4.25,11.25,2.5,11],"texture":"#2"},"down":{"uv":[12.75,2.5,11,2.75],"texture":"#2"}}},{"from":[8.86,17.68836,6.12382],"to":[9.3975,18.22586,12.35882],"rotation":{"angle":-45,"axis":"x","origin":[7.2475,17.68836,8.48882]},"faces":{"north":{"uv":[14.5,13.5,14.75,13.75],"texture":"#2"},"east":{"uv":[9,7,12,7.25],"texture":"#2"},"south":{"uv":[14,14.5,14.25,14.75],"texture":"#2"},"west":{"uv":[7.5,9,10.5,9.25],"texture":"#2"},"up":{"uv":[7.75,12.5,7.5,9.5],"texture":"#2"},"down":{"uv":[8.25,9.5,8,12.5],"texture":"#2"}}},{"from":[5.7425,16.01605,6.27901],"to":[9.3975,16.55355,6.81651],"rotation":{"angle":0,"axis":"y","origin":[5.7425,14.40355,6.27901]},"faces":{"north":{"uv":[11,3,12.75,3.25],"texture":"#2"},"east":{"uv":[14.5,14,14.75,14.25],"texture":"#2"},"south":{"uv":[11,3.5,12.75,3.75],"texture":"#2"},"west":{"uv":[14.5,14.5,14.75,14.75],"texture":"#2"},"up":{"uv":[12.75,4.25,11,4],"texture":"#2"},"down":{"uv":[12.75,7.5,11,7.75],"texture":"#2"}}},{"from":[5.7425,14.95726,5.93267],"to":[6.28,15.49476,10.01767],"rotation":{"angle":45,"axis":"x","origin":[4.13,14.95726,7.65267]},"faces":{"north":{"uv":[0,15,0.25,15.25],"texture":"#2"},"east":{"uv":[10.5,2,12.5,2.25],"texture":"#2"},"south":{"uv":[15,0,15.25,0.25],"texture":"#2"},"west":{"uv":[2.5,10.5,4.5,10.75],"texture":"#2"},"up":{"uv":[10.75,4.5,10.5,2.5],"texture":"#2"},"down":{"uv":[4.75,10.5,4.5,12.5],"texture":"#2"}}},{"from":[5.7425,13.28495,9.32498],"to":[9.3975,13.82245,9.86248],"rotation":{"angle":0,"axis":"y","origin":[5.7425,11.67245,9.32498]},"faces":{"north":{"uv":[11,8,12.75,8.25],"texture":"#2"},"east":{"uv":[0.5,15,0.75,15.25],"texture":"#2"},"south":{"uv":[11,8.5,12.75,8.75],"texture":"#2"},"west":{"uv":[15,0.5,15.25,0.75],"texture":"#2"},"up":{"uv":[11.25,11.25,9.5,11],"texture":"#2"},"down":{"uv":[1.75,11.5,0,11.75],"texture":"#2"}}},{"from":[5.7425,20.27245,10.82998],"to":[9.3975,20.80995,11.36748],"rotation":{"angle":0,"axis":"y","origin":[5.7425,18.65995,10.82998]},"faces":{"north":{"uv":[2.5,11.5,4.25,11.75],"texture":"#2"},"east":{"uv":[1,15,1.25,15.25],"texture":"#2"},"south":{"uv":[8.5,11.5,10.25,11.75],"texture":"#2"},"west":{"uv":[15,1,15.25,1.25],"texture":"#2"},"up":{"uv":[13.25,9.75,11.5,9.5],"texture":"#2"},"down":{"uv":[13.25,10,11.5,10.25],"texture":"#2"}}},{"from":[5.7425,16.60759,12.55768],"to":[9.3975,17.14509,13.09518],"rotation":{"angle":22.5,"axis":"x","origin":[7.57,16.87634,12.82643]},"faces":{"north":{"uv":[10.5,11.5,12.25,11.75],"texture":"#2"},"east":{"uv":[1.5,15,1.75,15.25],"texture":"#2"},"south":{"uv":[11.5,10.5,13.25,10.75],"texture":"#2"},"west":{"uv":[15,1.5,15.25,1.75],"texture":"#2"},"up":{"uv":[13.25,11.25,11.5,11],"texture":"#2"},"down":{"uv":[1.75,12,0,12.25],"texture":"#2"}}},{"from":[8.86,17.06382,13.50375],"to":[9.3975,19.53632,14.04125],"rotation":{"angle":22.5,"axis":"x","origin":[8.9675,19.21382,13.50375]},"faces":{"north":{"uv":[5,10.5,5.25,11.75],"texture":"#2"},"east":{"uv":[5.5,10.5,5.75,11.75],"texture":"#2"},"south":{"uv":[0,13,0.25,14.25],"texture":"#2"},"west":{"uv":[13,0,13.25,1.25],"texture":"#2"},"up":{"uv":[2.25,15.25,2,15],"texture":"#2"},"down":{"uv":[15.25,2,15,2.25],"texture":"#2"}}},{"from":[5.7425,19.38847,13.70956],"to":[9.3975,19.92597,14.24706],"rotation":{"angle":22.5,"axis":"x","origin":[7.57,19.65722,13.97831]},"faces":{"north":{"uv":[2.5,12,4.25,12.25],"texture":"#2"},"east":{"uv":[2.5,15,2.75,15.25],"texture":"#2"},"south":{"uv":[5,12,6.75,12.25],"texture":"#2"},"west":{"uv":[15,2.5,15.25,2.75],"texture":"#2"},"up":{"uv":[13.75,5.25,12,5],"texture":"#2"},"down":{"uv":[13.75,5.5,12,5.75],"texture":"#2"}}},{"from":[5.7425,17.06382,13.50375],"to":[6.28,19.53632,14.04125],"rotation":{"angle":22.5,"axis":"x","origin":[5.85,19.21382,13.50375]},"faces":{"north":{"uv":[0.5,13,0.75,14.25],"texture":"#2"},"east":{"uv":[1,13,1.25,14.25],"texture":"#2"},"south":{"uv":[1.5,13,1.75,14.25],"texture":"#2"},"west":{"uv":[2,13,2.25,14.25],"texture":"#2"},"up":{"uv":[3.25,15.25,3,15],"texture":"#2"},"down":{"uv":[15.25,3,15,3.25],"texture":"#2"}}},{"from":[5.7425,17.79995,10.82998],"to":[6.28,20.27245,11.36748],"rotation":{"angle":0,"axis":"y","origin":[5.85,19.94995,10.82998]},"faces":{"north":{"uv":[6,13,6.25,14.25],"texture":"#2"},"east":{"uv":[6.5,13,6.75,14.25],"texture":"#2"},"south":{"uv":[7,13,7.25,14.25],"texture":"#2"},"west":{"uv":[7.5,13,7.75,14.25],"texture":"#2"},"up":{"uv":[6.25,15.25,6,15],"texture":"#2"},"down":{"uv":[15.25,6,15,6.25],"texture":"#2"}}},{"from":[8.8425,17.79995,10.82998],"to":[9.38,20.27245,11.36748],"rotation":{"angle":0,"axis":"y","origin":[8.95,19.94995,10.82998]},"faces":{"north":{"uv":[13,7.5,13.25,8.75],"texture":"#2"},"east":{"uv":[8,13,8.25,14.25],"texture":"#2"},"south":{"uv":[8.5,13,8.75,14.25],"texture":"#2"},"west":{"uv":[9,13,9.25,14.25],"texture":"#2"},"up":{"uv":[6.75,15.25,6.5,15],"texture":"#2"},"down":{"uv":[15.25,6.5,15,6.75],"texture":"#2"}}},{"from":[5.7425,17.29995,10.82998],"to":[9.3975,17.83745,11.36748],"rotation":{"angle":0,"axis":"y","origin":[7.57,17.5687,11.09873]},"faces":{"north":{"uv":[6,12.5,7.75,12.75],"texture":"#2"},"east":{"uv":[5.5,15,5.75,15.25],"texture":"#2"},"south":{"uv":[12.5,6,14.25,6.25],"texture":"#2"},"west":{"uv":[15,5.5,15.25,5.75],"texture":"#2"},"up":{"uv":[14.25,6.75,12.5,6.5],"texture":"#2"},"down":{"uv":[9.75,12.5,8,12.75],"texture":"#2"}}},{"from":[8.86,16.74132,14.47125],"to":[9.3975,19.21382,15.00875],"rotation":{"angle":22.5,"axis":"x","origin":[8.9675,18.89132,14.47125]},"faces":{"north":{"uv":[2.5,13,2.75,14.25],"texture":"#2"},"east":{"uv":[13,2.5,13.25,3.75],"texture":"#2"},"south":{"uv":[3,13,3.25,14.25],"texture":"#2"},"west":{"uv":[3.5,13,3.75,14.25],"texture":"#2"},"up":{"uv":[3.75,15.25,3.5,15],"texture":"#2"},"down":{"uv":[15.25,3.5,15,3.75],"texture":"#2"}}},{"from":[5.7425,19.06597,14.67706],"to":[9.3975,19.60347,15.21456],"rotation":{"angle":22.5,"axis":"x","origin":[7.57,19.33472,14.94581]},"faces":{"north":{"uv":[12,7,13.75,7.25],"texture":"#2"},"east":{"uv":[4,15,4.25,15.25],"texture":"#2"},"south":{"uv":[8.5,12,10.25,12.25],"texture":"#2"},"west":{"uv":[15,4,15.25,4.25],"texture":"#2"},"up":{"uv":[12.25,12.25,10.5,12],"texture":"#2"},"down":{"uv":[1.75,12.5,0,12.75],"texture":"#2"}}},{"from":[5.7425,16.28509,13.52518],"to":[9.3975,16.82259,14.06268],"rotation":{"angle":22.5,"axis":"x","origin":[7.57,16.55384,13.79393]},"faces":{"north":{"uv":[2,12.5,3.75,12.75],"texture":"#2"},"east":{"uv":[4.5,15,4.75,15.25],"texture":"#2"},"south":{"uv":[12.5,2,14.25,2.25],"texture":"#2"},"west":{"uv":[15,4.5,15.25,4.75],"texture":"#2"},"up":{"uv":[5.75,12.75,4,12.5],"texture":"#2"},"down":{"uv":[14.25,4.5,12.5,4.75],"texture":"#2"}}},{"from":[5.7425,16.74132,14.47125],"to":[6.28,19.21382,15.00875],"rotation":{"angle":22.5,"axis":"x","origin":[5.85,18.89132,14.47125]},"faces":{"north":{"uv":[4,13,4.25,14.25],"texture":"#2"},"east":{"uv":[4.5,13,4.75,14.25],"texture":"#2"},"south":{"uv":[5,13,5.25,14.25],"texture":"#2"},"west":{"uv":[5.5,13,5.75,14.25],"texture":"#2"},"up":{"uv":[5.25,15.25,5,15],"texture":"#2"},"down":{"uv":[15.25,5,15,5.25],"texture":"#2"}}},{"from":[7.8925,20.855,10.58],"to":[8.9675,21.93,11.655],"rotation":{"angle":0,"axis":"y","origin":[6.8175,20.855,10.58]},"faces":{"north":{"uv":[7,12,7.5,12.5],"texture":"#2"},"east":{"uv":[12.5,12,13,12.5],"texture":"#2"},"south":{"uv":[13,1.5,13.5,2],"texture":"#2"},"west":{"uv":[13,4,13.5,4.5],"texture":"#2"},"up":{"uv":[10,13.5,9.5,13],"texture":"#2"},"down":{"uv":[10.5,13,10,13.5],"texture":"#2"}}},{"from":[6.1725,20.1025,13.59],"to":[7.2475,21.1775,14.665],"rotation":{"angle":22.5,"axis":"x","origin":[5.0975,20.1025,13.59]},"faces":{"north":{"uv":[10.5,13,11,13.5],"texture":"#2"},"east":{"uv":[11,13,11.5,13.5],"texture":"#2"},"south":{"uv":[11.5,13,12,13.5],"texture":"#2"},"west":{"uv":[12,13,12.5,13.5],"texture":"#2"},"up":{"uv":[13.5,12.5,13,12],"texture":"#2"},"down":{"uv":[13,13,12.5,13.5],"texture":"#2"}}},{"from":[4.6675,16.555,13.16],"to":[5.7425,17.63,14.235],"rotation":{"angle":22.5,"axis":"x","origin":[3.5925,16.555,13.16]},"faces":{"north":{"uv":[13,12.5,13.5,13],"texture":"#2"},"east":{"uv":[13,13,13.5,13.5],"texture":"#2"},"south":{"uv":[13.5,0,14,0.5],"texture":"#2"},"west":{"uv":[13.5,0.5,14,1],"texture":"#2"},"up":{"uv":[14,1.5,13.5,1],"texture":"#2"},"down":{"uv":[14,1.5,13.5,2],"texture":"#2"}}},{"from":[4.6675,18.555,10.56],"to":[5.7425,19.63,11.635],"rotation":{"angle":22.5,"axis":"x","origin":[3.5925,18.555,10.56]},"faces":{"north":{"uv":[14.5,8,15,8.5],"texture":"#2"},"east":{"uv":[8.5,14.5,9,15],"texture":"#2"},"south":{"uv":[14.5,8.5,15,9],"texture":"#2"},"west":{"uv":[9,14.5,9.5,15],"texture":"#2"},"up":{"uv":[15,9.5,14.5,9],"texture":"#2"},"down":{"uv":[10,14.5,9.5,15],"texture":"#2"}}},{"from":[9.3975,17.9525,12.6225],"to":[10.4725,19.0275,13.6975],"rotation":{"angle":22.5,"axis":"x","origin":[8.3225,17.9525,12.6225]},"faces":{"north":{"uv":[13.5,2.5,14,3],"texture":"#2"},"east":{"uv":[13.5,3,14,3.5],"texture":"#2"},"south":{"uv":[13.5,3.5,14,4],"texture":"#2"},"west":{"uv":[13.5,4,14,4.5],"texture":"#2"},"up":{"uv":[14,8,13.5,7.5],"texture":"#2"},"down":{"uv":[14,8,13.5,8.5],"texture":"#2"}}},{"from":[9.3975,18.1675,8.43],"to":[10.4725,19.2425,9.505],"rotation":{"angle":0,"axis":"y","origin":[8.3225,18.1675,8.43]},"faces":{"north":{"uv":[13.5,8.5,14,9],"texture":"#2"},"east":{"uv":[9.5,13.5,10,14],"texture":"#2"},"south":{"uv":[13.5,9.5,14,10],"texture":"#2"},"west":{"uv":[10,13.5,10.5,14],"texture":"#2"},"up":{"uv":[14,10.5,13.5,10],"texture":"#2"},"down":{"uv":[11,13.5,10.5,14],"texture":"#2"}}},{"from":[9.3975,12.5775,8.43],"to":[10.4725,13.6525,9.505],"rotation":{"angle":0,"axis":"y","origin":[8.3225,12.5775,8.43]},"faces":{"north":{"uv":[13.5,10.5,14,11],"texture":"#2"},"east":{"uv":[11,13.5,11.5,14],"texture":"#2"},"south":{"uv":[13.5,11,14,11.5],"texture":"#2"},"west":{"uv":[11.5,13.5,12,14],"texture":"#2"},"up":{"uv":[12.5,14,12,13.5],"texture":"#2"},"down":{"uv":[14,12,13.5,12.5],"texture":"#2"}}},{"from":[9.1825,15.8025,6.3875],"to":[10.2575,16.8775,7.4625],"rotation":{"angle":22.5,"axis":"y","origin":[8.1075,15.8025,6.3875]},"faces":{"north":{"uv":[12.5,13.5,13,14],"texture":"#2"},"east":{"uv":[13.5,12.5,14,13],"texture":"#2"},"south":{"uv":[13,13.5,13.5,14],"texture":"#2"},"west":{"uv":[13.5,13,14,13.5],"texture":"#2"},"up":{"uv":[14,14,13.5,13.5],"texture":"#2"},"down":{"uv":[14.5,0,14,0.5],"texture":"#2"}}},{"from":[9.1825,10.4275,6.3875],"to":[10.2575,11.5025,7.4625],"rotation":{"angle":22.5,"axis":"y","origin":[8.1075,10.4275,6.3875]},"faces":{"north":{"uv":[14,0.5,14.5,1],"texture":"#2"},"east":{"uv":[14,1,14.5,1.5],"texture":"#2"},"south":{"uv":[14,1.5,14.5,2],"texture":"#2"},"west":{"uv":[14,2.5,14.5,3],"texture":"#2"},"up":{"uv":[14.5,3.5,14,3],"texture":"#2"},"down":{"uv":[14.5,3.5,14,4],"texture":"#2"}}},{"from":[9.1825,4.8375,6.3875],"to":[10.2575,5.9125,7.4625],"rotation":{"angle":22.5,"axis":"y","origin":[8.1075,4.8375,6.3875]},"faces":{"north":{"uv":[14,4,14.5,4.5],"texture":"#2"},"east":{"uv":[14,5,14.5,5.5],"texture":"#2"},"south":{"uv":[14,5.5,14.5,6],"texture":"#2"},"west":{"uv":[14,7,14.5,7.5],"texture":"#2"},"up":{"uv":[14.5,8,14,7.5],"texture":"#2"},"down":{"uv":[14.5,8,14,8.5],"texture":"#2"}}},{"from":[5.0975,15.8025,6.8175],"to":[6.1725,16.8775,7.8925],"rotation":{"angle":45,"axis":"y","origin":[4.0225,15.8025,6.8175]},"faces":{"north":{"uv":[14,8.5,14.5,9],"texture":"#2"},"east":{"uv":[14,9,14.5,9.5],"texture":"#2"},"south":{"uv":[9.5,14,10,14.5],"texture":"#2"},"west":{"uv":[14,9.5,14.5,10],"texture":"#2"},"up":{"uv":[10.5,14.5,10,14],"texture":"#2"},"down":{"uv":[14.5,10,14,10.5],"texture":"#2"}}},{"from":[4.99,10.4275,6.8175],"to":[6.065,11.5025,7.8925],"rotation":{"angle":45,"axis":"y","origin":[3.915,10.4275,6.8175]},"faces":{"north":{"uv":[10.5,14,11,14.5],"texture":"#2"},"east":{"uv":[14,10.5,14.5,11],"texture":"#2"},"south":{"uv":[11,14,11.5,14.5],"texture":"#2"},"west":{"uv":[14,11,14.5,11.5],"texture":"#2"},"up":{"uv":[12,14.5,11.5,14],"texture":"#2"},"down":{"uv":[14.5,11.5,14,12],"texture":"#2"}}},{"from":[4.99,4.8375,6.8175],"to":[6.065,5.9125,7.8925],"rotation":{"angle":45,"axis":"y","origin":[3.915,4.8375,6.8175]},"faces":{"north":{"uv":[12,14,12.5,14.5],"texture":"#2"},"east":{"uv":[14,12,14.5,12.5],"texture":"#2"},"south":{"uv":[12.5,14,13,14.5],"texture":"#2"},"west":{"uv":[14,12.5,14.5,13],"texture":"#2"},"up":{"uv":[13.5,14.5,13,14],"texture":"#2"},"down":{"uv":[14.5,13,14,13.5],"texture":"#2"}}},{"from":[9.3975,7.2025,8.43],"to":[10.4725,8.2775,9.505],"rotation":{"angle":0,"axis":"y","origin":[8.3225,7.2025,8.43]},"faces":{"north":{"uv":[13.5,14,14,14.5],"texture":"#2"},"east":{"uv":[14,13.5,14.5,14],"texture":"#2"},"south":{"uv":[14,14,14.5,14.5],"texture":"#2"},"west":{"uv":[0,14.5,0.5,15],"texture":"#2"},"up":{"uv":[15,0.5,14.5,0],"texture":"#2"},"down":{"uv":[1,14.5,0.5,15],"texture":"#2"}}},{"from":[4.56,13.545,8.43],"to":[5.635,14.62,9.505],"rotation":{"angle":0,"axis":"y","origin":[3.485,13.545,8.43]},"faces":{"north":{"uv":[14.5,0.5,15,1],"texture":"#2"},"east":{"uv":[1,14.5,1.5,15],"texture":"#2"},"south":{"uv":[14.5,1,15,1.5],"texture":"#2"},"west":{"uv":[1.5,14.5,2,15],"texture":"#2"},"up":{"uv":[15,2,14.5,1.5],"texture":"#2"},"down":{"uv":[2.5,14.5,2,15],"texture":"#2"}}},{"from":[4.56,8.17,8.43],"to":[5.635,9.245,9.505],"rotation":{"angle":0,"axis":"y","origin":[3.485,8.17,8.43]},"faces":{"north":{"uv":[14.5,2,15,2.5],"texture":"#2"},"east":{"uv":[2.5,14.5,3,15],"texture":"#2"},"south":{"uv":[14.5,2.5,15,3],"texture":"#2"},"west":{"uv":[3,14.5,3.5,15],"texture":"#2"},"up":{"uv":[15,3.5,14.5,3],"texture":"#2"},"down":{"uv":[4,14.5,3.5,15],"texture":"#2"}}},{"from":[7.14,7.525,9.8275],"to":[8.215,8.6,10.9025],"rotation":{"angle":0,"axis":"y","origin":[6.065,7.525,9.8275]},"faces":{"north":{"uv":[14.5,3.5,15,4],"texture":"#2"},"east":{"uv":[4,14.5,4.5,15],"texture":"#2"},"south":{"uv":[14.5,4,15,4.5],"texture":"#2"},"west":{"uv":[4.5,14.5,5,15],"texture":"#2"},"up":{"uv":[15,5,14.5,4.5],"texture":"#2"},"down":{"uv":[5.5,14.5,5,15],"texture":"#2"}}},{"from":[7.14,13.0075,9.8275],"to":[8.215,14.0825,10.9025],"rotation":{"angle":0,"axis":"y","origin":[6.065,13.0075,9.8275]},"faces":{"north":{"uv":[14.5,5,15,5.5],"texture":"#2"},"east":{"uv":[5.5,14.5,6,15],"texture":"#2"},"south":{"uv":[14.5,5.5,15,6],"texture":"#2"},"west":{"uv":[6,14.5,6.5,15],"texture":"#2"},"up":{"uv":[15,6.5,14.5,6],"texture":"#2"},"down":{"uv":[7,14.5,6.5,15],"texture":"#2"}}},{"from":[7.14,2.15,9.8275],"to":[8.215,3.225,10.9025],"rotation":{"angle":0,"axis":"y","origin":[6.065,2.15,9.8275]},"faces":{"north":{"uv":[14.5,6.5,15,7],"texture":"#2"},"east":{"uv":[7,14.5,7.5,15],"texture":"#2"},"south":{"uv":[14.5,7,15,7.5],"texture":"#2"},"west":{"uv":[7.5,14.5,8,15],"texture":"#2"},"up":{"uv":[15,8,14.5,7.5],"texture":"#2"},"down":{"uv":[8.5,14.5,8,15],"texture":"#2"}}}],"display":{"thirdperson_righthand":{"rotation":[5,-180,2],"translation":[0,4,1.25],"scale":[0.85,0.85,0.85]},"thirdperson_lefthand":{"rotation":[9,-180,-2],"translation":[0,4,1.5],"scale":[0.85,0.85,0.85]},"firstperson_righthand":{"rotation":[-180,22.25,-180],"translation":[0,2,0],"scale":[0.4,0.4,0.4]},"firstperson_lefthand":{"rotation":[-180,22.25,-180],"translation":[0,2,0],"scale":[0.4,0.4,0.4]},"ground":{"translation":[0,3,0],"scale":[0.25,0.25,0.25]},"gui":{"rotation":[18,90,-4],"translation":[0,-1.25,0],"scale":[0.625,0.625,0.625]},"head":{"translation":[0,8.75,0],"scale":[1.63,1.63,1.63]},"fixed":{"scale":[0.5,0.5,0.5]}}}