{"parent":"minecraft:item/generated","textures":{"layer0":"minecraft:item/leather_horse_armor"},"overrides":[{"predicate":{"custom_model_data":1},"model":"modelengine:golem_rage/body_base_cubes"},{"predicate":{"custom_model_data":2},"model":"modelengine:golem_rage/body_mid_cubes"},{"predicate":{"custom_model_data":3},"model":"modelengine:golem_rage/spine_crystal_cubes"},{"predicate":{"custom_model_data":4},"model":"modelengine:golem_rage/spine_crystal_1"},{"predicate":{"custom_model_data":5},"model":"modelengine:golem_rage/spine_crystal_2"},{"predicate":{"custom_model_data":6},"model":"modelengine:golem_rage/spine_crystal_3"},{"predicate":{"custom_model_data":7},"model":"modelengine:golem_rage/top_horn"},{"predicate":{"custom_model_data":8},"model":"modelengine:golem_rage/lshoulder"},{"predicate":{"custom_model_data":9},"model":"modelengine:golem_rage/rshoulder"},{"predicate":{"custom_model_data":10},"model":"modelengine:golem_rage/body_high_cubes"},{"predicate":{"custom_model_data":11},"model":"modelengine:golem_rage/rstrip_p_2"},{"predicate":{"custom_model_data":12},"model":"modelengine:golem_rage/rstrip_p_3"},{"predicate":{"custom_model_data":13},"model":"modelengine:golem_rage/rstrip_p_1"},{"predicate":{"custom_model_data":14},"model":"modelengine:golem_rage/rstrip"},{"predicate":{"custom_model_data":15},"model":"modelengine:golem_rage/lstrip_p_2"},{"predicate":{"custom_model_data":16},"model":"modelengine:golem_rage/lstrip_p_3"},{"predicate":{"custom_model_data":17},"model":"modelengine:golem_rage/lstrip_p_1"},{"predicate":{"custom_model_data":18},"model":"modelengine:golem_rage/lstrip"},{"predicate":{"custom_model_data":19},"model":"modelengine:golem_rage/head_cubes"},{"predicate":{"custom_model_data":20},"model":"modelengine:golem_rage/rarm_cubes"},{"predicate":{"custom_model_data":21},"model":"modelengine:golem_rage/rarm_2"},{"predicate":{"custom_model_data":22},"model":"modelengine:golem_rage/finger_1"},{"predicate":{"custom_model_data":23},"model":"modelengine:golem_rage/finger_1_1"},{"predicate":{"custom_model_data":24},"model":"modelengine:golem_rage/finger_2"},{"predicate":{"custom_model_data":25},"model":"modelengine:golem_rage/finger_2_2"},{"predicate":{"custom_model_data":26},"model":"modelengine:golem_rage/finger_3"},{"predicate":{"custom_model_data":27},"model":"modelengine:golem_rage/rarm1_cubes"},{"predicate":{"custom_model_data":28},"model":"modelengine:golem_rage/boulder"},{"predicate":{"custom_model_data":29},"model":"modelengine:golem_rage/larm_cubes"},{"predicate":{"custom_model_data":30},"model":"modelengine:golem_rage/larm1_cubes"},{"predicate":{"custom_model_data":31},"model":"modelengine:golem_rage/larm2_cubes"},{"predicate":{"custom_model_data":32},"model":"modelengine:golem_rage/torso_cubes"},{"predicate":{"custom_model_data":33},"model":"modelengine:golem_rage/torso_horn"},{"predicate":{"custom_model_data":34},"model":"modelengine:golem_rage/butt_horn_1"},{"predicate":{"custom_model_data":35},"model":"modelengine:golem_rage/butt_horn_2"},{"predicate":{"custom_model_data":36},"model":"modelengine:golem_rage/rleg_cubes"},{"predicate":{"custom_model_data":37},"model":"modelengine:golem_rage/rleg1_cubes"},{"predicate":{"custom_model_data":38},"model":"modelengine:golem_rage/rleg_2"},{"predicate":{"custom_model_data":39},"model":"modelengine:golem_rage/lleg_cubes"},{"predicate":{"custom_model_data":40},"model":"modelengine:golem_rage/lleg1_cubes"},{"predicate":{"custom_model_data":41},"model":"modelengine:golem_rage/lleg_2"},{"predicate":{"custom_model_data":42},"model":"modelengine:golem_rage/lleg3_cubes"},{"predicate":{"custom_model_data":43},"model":"modelengine:golem_spawn/body_base_cubes"},{"predicate":{"custom_model_data":44},"model":"modelengine:golem_spawn/body_mid_cubes"},{"predicate":{"custom_model_data":45},"model":"modelengine:golem_spawn/spine_crystal_cubes"},{"predicate":{"custom_model_data":46},"model":"modelengine:golem_spawn/spine_crystal_1"},{"predicate":{"custom_model_data":47},"model":"modelengine:golem_spawn/spine_crystal_2"},{"predicate":{"custom_model_data":48},"model":"modelengine:golem_spawn/spine_crystal_3"},{"predicate":{"custom_model_data":49},"model":"modelengine:golem_spawn/top_horn"},{"predicate":{"custom_model_data":50},"model":"modelengine:golem_spawn/lshoulder"},{"predicate":{"custom_model_data":51},"model":"modelengine:golem_spawn/rshoulder"},{"predicate":{"custom_model_data":52},"model":"modelengine:golem_spawn/body_high_cubes"},{"predicate":{"custom_model_data":53},"model":"modelengine:golem_spawn/rstrip_p_2"},{"predicate":{"custom_model_data":54},"model":"modelengine:golem_spawn/rstrip_p_3"},{"predicate":{"custom_model_data":55},"model":"modelengine:golem_spawn/rstrip_p_1"},{"predicate":{"custom_model_data":56},"model":"modelengine:golem_spawn/rstrip"},{"predicate":{"custom_model_data":57},"model":"modelengine:golem_spawn/lstrip_p_2"},{"predicate":{"custom_model_data":58},"model":"modelengine:golem_spawn/lstrip_p_3"},{"predicate":{"custom_model_data":59},"model":"modelengine:golem_spawn/lstrip_p_1"},{"predicate":{"custom_model_data":60},"model":"modelengine:golem_spawn/lstrip"},{"predicate":{"custom_model_data":61},"model":"modelengine:golem_spawn/head_cubes"},{"predicate":{"custom_model_data":62},"model":"modelengine:golem_spawn/rarm_cubes"},{"predicate":{"custom_model_data":63},"model":"modelengine:golem_spawn/rarm_2"},{"predicate":{"custom_model_data":64},"model":"modelengine:golem_spawn/finger_1"},{"predicate":{"custom_model_data":65},"model":"modelengine:golem_spawn/finger_1_1"},{"predicate":{"custom_model_data":66},"model":"modelengine:golem_spawn/finger_2"},{"predicate":{"custom_model_data":67},"model":"modelengine:golem_spawn/finger_2_2"},{"predicate":{"custom_model_data":68},"model":"modelengine:golem_spawn/finger_3"},{"predicate":{"custom_model_data":69},"model":"modelengine:golem_spawn/void"},{"predicate":{"custom_model_data":70},"model":"modelengine:golem_spawn/rarm1_cubes"},{"predicate":{"custom_model_data":71},"model":"modelengine:golem_spawn/larm_cubes"},{"predicate":{"custom_model_data":72},"model":"modelengine:golem_spawn/larm1_cubes"},{"predicate":{"custom_model_data":73},"model":"modelengine:golem_spawn/larm2_cubes"},{"predicate":{"custom_model_data":74},"model":"modelengine:golem_spawn/torso_cubes"},{"predicate":{"custom_model_data":75},"model":"modelengine:golem_spawn/torso_horn"},{"predicate":{"custom_model_data":76},"model":"modelengine:golem_spawn/butt_horn_1"},{"predicate":{"custom_model_data":77},"model":"modelengine:golem_spawn/butt_horn_2"},{"predicate":{"custom_model_data":78},"model":"modelengine:golem_spawn/rleg_cubes"},{"predicate":{"custom_model_data":79},"model":"modelengine:golem_spawn/rleg1_cubes"},{"predicate":{"custom_model_data":80},"model":"modelengine:golem_spawn/rleg_2"},{"predicate":{"custom_model_data":81},"model":"modelengine:golem_spawn/lleg_cubes"},{"predicate":{"custom_model_data":82},"model":"modelengine:golem_spawn/lleg1_cubes"},{"predicate":{"custom_model_data":83},"model":"modelengine:golem_spawn/lleg_2"},{"predicate":{"custom_model_data":84},"model":"modelengine:golem_spawn/lleg3_cubes"},{"predicate":{"custom_model_data":1000},"model":"modelengine:dwarf_1/head"},{"predicate":{"custom_model_data":1001},"model":"modelengine:dwarf_1/body"},{"predicate":{"custom_model_data":1002},"model":"modelengine:dwarf_1/backpack"},{"predicate":{"custom_model_data":1003},"model":"modelengine:dwarf_1/left_arm"},{"predicate":{"custom_model_data":1004},"model":"modelengine:dwarf_1/right_arm"},{"predicate":{"custom_model_data":1005},"model":"modelengine:dwarf_1/pickaxe"},{"predicate":{"custom_model_data":1006},"model":"modelengine:dwarf_1/left_leg"},{"predicate":{"custom_model_data":1007},"model":"modelengine:dwarf_1/right_leg"},{"predicate":{"custom_model_data":1008},"model":"modelengine:dwarf_2/head"},{"predicate":{"custom_model_data":1009},"model":"modelengine:dwarf_2/body"},{"predicate":{"custom_model_data":1010},"model":"modelengine:dwarf_2/backpack"},{"predicate":{"custom_model_data":1011},"model":"modelengine:dwarf_2/left_arm"},{"predicate":{"custom_model_data":1012},"model":"modelengine:dwarf_2/shield"},{"predicate":{"custom_model_data":1013},"model":"modelengine:dwarf_2/right_arm"},{"predicate":{"custom_model_data":1014},"model":"modelengine:dwarf_2/axe"},{"predicate":{"custom_model_data":1015},"model":"modelengine:dwarf_2/left_leg"},{"predicate":{"custom_model_data":1016},"model":"modelengine:dwarf_2/right_leg"},{"predicate":{"custom_model_data":1017},"model":"modelengine:goblin_1/head"},{"predicate":{"custom_model_data":1018},"model":"modelengine:goblin_1/body"},{"predicate":{"custom_model_data":1019},"model":"modelengine:goblin_1/left_arm"},{"predicate":{"custom_model_data":1020},"model":"modelengine:goblin_1/shield"},{"predicate":{"custom_model_data":1021},"model":"modelengine:goblin_1/truncheon"},{"predicate":{"custom_model_data":1022},"model":"modelengine:goblin_1/right_arm"},{"predicate":{"custom_model_data":1023},"model":"modelengine:goblin_1/left_leg"},{"predicate":{"custom_model_data":1024},"model":"modelengine:goblin_1/right_leg"},{"predicate":{"custom_model_data":1025},"model":"modelengine:goblin_2/head"},{"predicate":{"custom_model_data":1026},"model":"modelengine:goblin_2/body"},{"predicate":{"custom_model_data":1027},"model":"modelengine:goblin_2/book"},{"predicate":{"custom_model_data":1028},"model":"modelengine:goblin_2/left_arm"},{"predicate":{"custom_model_data":1029},"model":"modelengine:goblin_2/potion"},{"predicate":{"custom_model_data":1030},"model":"modelengine:goblin_2/right_arm"},{"predicate":{"custom_model_data":1031},"model":"modelengine:goblin_2/staff"},{"predicate":{"custom_model_data":1032},"model":"modelengine:goblin_2/left_leg"},{"predicate":{"custom_model_data":1033},"model":"modelengine:goblin_2/right_leg"},{"predicate":{"custom_model_data":1034},"model":"modelengine:goblin_3/head"},{"predicate":{"custom_model_data":1035},"model":"modelengine:goblin_3/bone"},{"predicate":{"custom_model_data":1036},"model":"modelengine:goblin_3/cape"},{"predicate":{"custom_model_data":1037},"model":"modelengine:goblin_3/left_arm"},{"predicate":{"custom_model_data":1038},"model":"modelengine:goblin_3/meat"},{"predicate":{"custom_model_data":1039},"model":"modelengine:goblin_3/right_arm"},{"predicate":{"custom_model_data":1040},"model":"modelengine:goblin_3/bone2"},{"predicate":{"custom_model_data":1041},"model":"modelengine:goblin_3/left_leg"},{"predicate":{"custom_model_data":1042},"model":"modelengine:goblin_3/right_leg"},{"predicate":{"custom_model_data":2000},"model":"modelengine:gift_1/gift_1"},{"predicate":{"custom_model_data":2001},"model":"modelengine:gift_2/gift_2"},{"predicate":{"custom_model_data":2002},"model":"modelengine:gift_3/gift_3"},{"predicate":{"custom_model_data":2003},"model":"modelengine:micro_bro/head"},{"predicate":{"custom_model_data":2004},"model":"modelengine:micro_bro/body"},{"predicate":{"custom_model_data":2005},"model":"modelengine:micro_bro/left_arm"},{"predicate":{"custom_model_data":2006},"model":"modelengine:micro_bro/right_arm"},{"predicate":{"custom_model_data":2007},"model":"modelengine:micro_bro/left_leg"},{"predicate":{"custom_model_data":2008},"model":"modelengine:micro_bro/right_leg"},{"predicate":{"custom_model_data":2009},"model":"modelengine:micro_bro_2/head"},{"predicate":{"custom_model_data":2010},"model":"modelengine:micro_bro_2/body"},{"predicate":{"custom_model_data":2011},"model":"modelengine:micro_bro_2/left_arm"},{"predicate":{"custom_model_data":2012},"model":"modelengine:micro_bro_2/right_arm"},{"predicate":{"custom_model_data":2013},"model":"modelengine:micro_bro_2/left_leg"},{"predicate":{"custom_model_data":2014},"model":"modelengine:micro_bro_2/right_leg"},{"predicate":{"custom_model_data":2015},"model":"modelengine:zombie_santa/head_core"},{"predicate":{"custom_model_data":2016},"model":"modelengine:zombie_santa/hat"},{"predicate":{"custom_model_data":2017},"model":"modelengine:zombie_santa/bone8"},{"predicate":{"custom_model_data":2018},"model":"modelengine:zombie_santa/bone7"},{"predicate":{"custom_model_data":2019},"model":"modelengine:zombie_santa/bone6"},{"predicate":{"custom_model_data":2020},"model":"modelengine:zombie_santa/bone5"},{"predicate":{"custom_model_data":2021},"model":"modelengine:zombie_santa/bone4"},{"predicate":{"custom_model_data":2022},"model":"modelengine:zombie_santa/bone3"},{"predicate":{"custom_model_data":2023},"model":"modelengine:zombie_santa/bone2"},{"predicate":{"custom_model_data":2024},"model":"modelengine:zombie_santa/bone"},{"predicate":{"custom_model_data":2025},"model":"modelengine:zombie_santa/beg"},{"predicate":{"custom_model_data":2026},"model":"modelengine:zombie_santa/body"},{"predicate":{"custom_model_data":2027},"model":"modelengine:zombie_santa/gift_1"},{"predicate":{"custom_model_data":2028},"model":"modelengine:zombie_santa/gift_2"},{"predicate":{"custom_model_data":2029},"model":"modelengine:zombie_santa/gift_3"},{"predicate":{"custom_model_data":2030},"model":"modelengine:zombie_santa/left_arm"},{"predicate":{"custom_model_data":2031},"model":"modelengine:zombie_santa/staff"},{"predicate":{"custom_model_data":2032},"model":"modelengine:zombie_santa/right_arm"},{"predicate":{"custom_model_data":2033},"model":"modelengine:zombie_santa/left_leg"},{"predicate":{"custom_model_data":2034},"model":"modelengine:zombie_santa/right_leg"}]}